username,password_hash,email,phone_number,user_type
user_1,hashed_password,user_1@example.com,555-0101,artist
user_2,hashed_password,user_2@example.com,555-0102,buyer
user_3,hashed_password,user_3@example.com,555-0103,artist
user_4,hashed_password,user_4@example.com,555-0104,buyer
user_5,hashed_password,user_5@example.com,555-0105,artist
user_6,hashed_password,user_6@example.com,555-0106,buyer
user_7,hashed_password,user_7@example.com,555-0107,artist
user_8,hashed_password,user_8@example.com,555-0108,buyer
user_9,hashed_password,user_9@example.com,555-0109,artist
user_10,hashed_password,user_10@example.com,555-01010,buyer
user_11,hashed_password,user_11@example.com,555-01011,artist
user_12,hashed_password,user_12@example.com,555-01012,buyer
user_13,hashed_password,user_13@example.com,555-01013,artist
user_14,hashed_password,user_14@example.com,555-01014,buyer
user_15,hashed_password,user_15@example.com,555-01015,artist
user_16,hashed_password,user_16@example.com,555-01016,buyer
user_17,hashed_password,user_17@example.com,555-01017,artist
user_18,hashed_password,user_18@example.com,555-01018,buyer
user_19,hashed_password,user_19@example.com,555-01019,artist
user_20,hashed_password,user_20@example.com,555-01020,buyer
user_21,hashed_password,user_21@example.com,555-01021,artist
user_22,hashed_password,user_22@example.com,555-01022,buyer
user_23,hashed_password,user_23@example.com,555-01023,artist
user_24,hashed_password,user_24@example.com,555-01024,buyer
user_25,hashed_password,user_25@example.com,555-01025,artist
user_26,hashed_password,user_26@example.com,555-01026,buyer
user_27,hashed_password,user_27@example.com,555-01027,artist
user_28,hashed_password,user_28@example.com,555-01028,buyer
user_29,hashed_password,user_29@example.com,555-01029,artist
user_30,hashed_password,user_30@example.com,555-01030,buyer
user_31,hashed_password,user_31@example.com,555-01031,artist
user_32,hashed_password,user_32@example.com,555-01032,buyer
user_33,hashed_password,user_33@example.com,555-01033,artist
user_34,hashed_password,user_34@example.com,555-01034,buyer
user_35,hashed_password,user_35@example.com,555-01035,artist
user_36,hashed_password,user_36@example.com,555-01036,buyer
user_37,hashed_password,user_37@example.com,555-01037,artist
user_38,hashed_password,user_38@example.com,555-01038,buyer
user_39,hashed_password,user_39@example.com,555-01039,artist
user_40,hashed_password,user_40@example.com,555-01040,buyer
user_41,hashed_password,user_41@example.com,555-01041,artist
user_42,hashed_password,user_42@example.com,555-01042,buyer
user_43,hashed_password,user_43@example.com,555-01043,artist
user_44,hashed_password,user_44@example.com,555-01044,buyer
user_45,hashed_password,user_45@example.com,555-01045,artist
user_46,hashed_password,user_46@example.com,555-01046,buyer
user_47,hashed_password,user_47@example.com,555-01047,artist
user_48,hashed_password,user_48@example.com,555-01048,buyer
user_49,hashed_password,user_49@example.com,555-01049,artist
user_50,hashed_password,user_50@example.com,555-01050,buyer
user_51,hashed_password,user_51@example.com,555-01051,artist
user_52,hashed_password,user_52@example.com,555-01052,buyer
user_53,hashed_password,user_53@example.com,555-01053,artist
user_54,hashed_password,user_54@example.com,555-01054,buyer
user_55,hashed_password,user_55@example.com,555-01055,artist
user_56,hashed_password,user_56@example.com,555-01056,buyer
user_57,hashed_password,user_57@example.com,555-01057,artist
user_58,hashed_password,user_58@example.com,555-01058,buyer
user_59,hashed_password,user_59@example.com,555-01059,artist
user_60,hashed_password,user_60@example.com,555-01060,buyer
user_61,hashed_password,user_61@example.com,555-01061,artist
user_62,hashed_password,user_62@example.com,555-01062,buyer
user_63,hashed_password,user_63@example.com,555-01063,artist
user_64,hashed_password,user_64@example.com,555-01064,buyer
user_65,hashed_password,user_65@example.com,555-01065,artist
user_66,hashed_password,user_66@example.com,555-01066,buyer
user_67,hashed_password,user_67@example.com,555-01067,artist
user_68,hashed_password,user_68@example.com,555-01068,buyer
user_69,hashed_password,user_69@example.com,555-01069,artist
user_70,hashed_password,user_70@example.com,555-01070,buyer
user_71,hashed_password,user_71@example.com,555-01071,artist
user_72,hashed_password,user_72@example.com,555-01072,buyer
user_73,hashed_password,user_73@example.com,555-01073,artist
user_74,hashed_password,user_74@example.com,555-01074,buyer
user_75,hashed_password,user_75@example.com,555-01075,artist
user_76,hashed_password,user_76@example.com,555-01076,buyer
user_77,hashed_password,user_77@example.com,555-01077,artist
user_78,hashed_password,user_78@example.com,555-01078,buyer
user_79,hashed_password,user_79@example.com,555-01079,artist
user_80,hashed_password,user_80@example.com,555-01080,buyer
user_81,hashed_password,user_81@example.com,555-01081,artist
user_82,hashed_password,user_82@example.com,555-01082,buyer
user_83,hashed_password,user_83@example.com,555-01083,artist
user_84,hashed_password,user_84@example.com,555-01084,buyer
user_85,hashed_password,user_85@example.com,555-01085,artist
user_86,hashed_password,user_86@example.com,555-01086,buyer
user_87,hashed_password,user_87@example.com,555-01087,artist
user_88,hashed_password,user_88@example.com,555-01088,buyer
user_89,hashed_password,user_89@example.com,555-01089,artist
user_90,hashed_password,user_90@example.com,555-01090,buyer
user_91,hashed_password,user_91@example.com,555-01091,artist
user_92,hashed_password,user_92@example.com,555-01092,buyer
user_93,hashed_password,user_93@example.com,555-01093,artist
user_94,hashed_password,user_94@example.com,555-01094,buyer
user_95,hashed_password,user_95@example.com,555-01095,artist
user_96,hashed_password,user_96@example.com,555-01096,buyer
user_97,hashed_password,user_97@example.com,555-01097,artist
user_98,hashed_password,user_98@example.com,555-01098,buyer
user_99,hashed_password,user_99@example.com,555-01099,artist
user_100,hashed_password,user_100@example.com,555-0100,buyer
user_101,hashed_password,user_101@example.com,555-0101,artist
user_102,hashed_password,user_102@example.com,555-0102,buyer
user_103,hashed_password,user_103@example.com,555-0103,artist
user_104,hashed_password,user_104@example.com,555-0104,buyer
user_105,hashed_password,user_105@example.com,555-0105,artist
user_106,hashed_password,user_106@example.com,555-0106,buyer
user_107,hashed_password,user_107@example.com,555-0107,artist
user_108,hashed_password,user_108@example.com,555-0108,buyer
user_109,hashed_password,user_109@example.com,555-0109,artist
user_110,hashed_password,user_110@example.com,555-01010,buyer
user_111,hashed_password,user_111@example.com,555-01011,artist
user_112,hashed_password,user_112@example.com,555-01012,buyer
user_113,hashed_password,user_113@example.com,555-01013,artist
user_114,hashed_password,user_114@example.com,555-01014,buyer
user_115,hashed_password,user_115@example.com,555-01015,artist
user_116,hashed_password,user_116@example.com,555-01016,buyer
user_117,hashed_password,user_117@example.com,555-01017,artist
user_118,hashed_password,user_118@example.com,555-01018,buyer
user_119,hashed_password,user_119@example.com,555-01019,artist
user_120,hashed_password,user_120@example.com,555-01020,buyer
user_121,hashed_password,user_121@example.com,555-01021,artist
user_122,hashed_password,user_122@example.com,555-01022,buyer
user_123,hashed_password,user_123@example.com,555-01023,artist
user_124,hashed_password,user_124@example.com,555-01024,buyer
user_125,hashed_password,user_125@example.com,555-01025,artist
user_126,hashed_password,user_126@example.com,555-01026,buyer
user_127,hashed_password,user_127@example.com,555-01027,artist
user_128,hashed_password,user_128@example.com,555-01028,buyer
user_129,hashed_password,user_129@example.com,555-01029,artist
user_130,hashed_password,user_130@example.com,555-01030,buyer
user_131,hashed_password,user_131@example.com,555-01031,artist
user_132,hashed_password,user_132@example.com,555-01032,buyer
user_133,hashed_password,user_133@example.com,555-01033,artist
user_134,hashed_password,user_134@example.com,555-01034,buyer
user_135,hashed_password,user_135@example.com,555-01035,artist
user_136,hashed_password,user_136@example.com,555-01036,buyer
user_137,hashed_password,user_137@example.com,555-01037,artist
user_138,hashed_password,user_138@example.com,555-01038,buyer
user_139,hashed_password,user_139@example.com,555-01039,artist
user_140,hashed_password,user_140@example.com,555-01040,buyer
user_141,hashed_password,user_141@example.com,555-01041,artist
user_142,hashed_password,user_142@example.com,555-01042,buyer
user_143,hashed_password,user_143@example.com,555-01043,artist
user_144,hashed_password,user_144@example.com,555-01044,buyer
user_145,hashed_password,user_145@example.com,555-01045,artist
user_146,hashed_password,user_146@example.com,555-01046,buyer
user_147,hashed_password,user_147@example.com,555-01047,artist
user_148,hashed_password,user_148@example.com,555-01048,buyer
user_149,hashed_password,user_149@example.com,555-01049,artist
user_150,hashed_password,user_150@example.com,555-01050,buyer
user_151,hashed_password,user_151@example.com,555-01051,artist
user_152,hashed_password,user_152@example.com,555-01052,buyer
user_153,hashed_password,user_153@example.com,555-01053,artist
user_154,hashed_password,user_154@example.com,555-01054,buyer
user_155,hashed_password,user_155@example.com,555-01055,artist
user_156,hashed_password,user_156@example.com,555-01056,buyer
user_157,hashed_password,user_157@example.com,555-01057,artist
user_158,hashed_password,user_158@example.com,555-01058,buyer
user_159,hashed_password,user_159@example.com,555-01059,artist
user_160,hashed_password,user_160@example.com,555-01060,buyer
user_161,hashed_password,user_161@example.com,555-01061,artist
user_162,hashed_password,user_162@example.com,555-01062,buyer
user_163,hashed_password,user_163@example.com,555-01063,artist
user_164,hashed_password,user_164@example.com,555-01064,buyer
user_165,hashed_password,user_165@example.com,555-01065,artist
user_166,hashed_password,user_166@example.com,555-01066,buyer
user_167,hashed_password,user_167@example.com,555-01067,artist
user_168,hashed_password,user_168@example.com,555-01068,buyer
user_169,hashed_password,user_169@example.com,555-01069,artist
user_170,hashed_password,user_170@example.com,555-01070,buyer
user_171,hashed_password,user_171@example.com,555-01071,artist
user_172,hashed_password,user_172@example.com,555-01072,buyer
user_173,hashed_password,user_173@example.com,555-01073,artist
user_174,hashed_password,user_174@example.com,555-01074,buyer
user_175,hashed_password,user_175@example.com,555-01075,artist
user_176,hashed_password,user_176@example.com,555-01076,buyer
user_177,hashed_password,user_177@example.com,555-01077,artist
user_178,hashed_password,user_178@example.com,555-01078,buyer
user_179,hashed_password,user_179@example.com,555-01079,artist
user_180,hashed_password,user_180@example.com,555-01080,buyer
user_181,hashed_password,user_181@example.com,555-01081,artist
user_182,hashed_password,user_182@example.com,555-01082,buyer
user_183,hashed_password,user_183@example.com,555-01083,artist
user_184,hashed_password,user_184@example.com,555-01084,buyer
user_185,hashed_password,user_185@example.com,555-01085,artist
user_186,hashed_password,user_186@example.com,555-01086,buyer
user_187,hashed_password,user_187@example.com,555-01087,artist
user_188,hashed_password,user_188@example.com,555-01088,buyer
user_189,hashed_password,user_189@example.com,555-01089,artist
user_190,hashed_password,user_190@example.com,555-01090,buyer
user_191,hashed_password,user_191@example.com,555-01091,artist
user_192,hashed_password,user_192@example.com,555-01092,buyer
user_193,hashed_password,user_193@example.com,555-01093,artist
user_194,hashed_password,user_194@example.com,555-01094,buyer
user_195,hashed_password,user_195@example.com,555-01095,artist
user_196,hashed_password,user_196@example.com,555-01096,buyer
user_197,hashed_password,user_197@example.com,555-01097,artist
user_198,hashed_password,user_198@example.com,555-01098,buyer
user_199,hashed_password,user_199@example.com,555-01099,artist
user_200,hashed_password,user_200@example.com,555-0100,buyer
